6.4.1,c026aa3218295aea656678600e97a5d6107694f1997c572ad83a044a8b9f9ef6
6.4.0,5a5b28bbdd852cb04c5a9e2ebf876819d7b3948a50c7fd50c6dee5f643d19d77
6.3.2,cb4413ee94c49b9246a1b1128e8e7c04928c3fafbc68bc3b58bdfd31a8839498
6.3.1,b0fd30901e6bb5471d372b7c53fa94191c76c39a6d06fd0e859c767d07e3a2b0
6.3.0,c72b519330568c24be09be1f54e4b5dbc711b67bbfeb74da67358da11959081e
6.2.4,9c564c169f171f6997f84328390fd2c0d525692770c9e470bdef6ece3e40a868
6.2.3,40ad2c441cf723dac53d9ee6fadf49764fc2d04ecc1bcb090c25e4e2fdcfa295
6.2.2,a4ba59b450430b6484438e2da38cd18d805fafc67bdf3b62f171b9b467df5fe6
6.2.1,97271046381740fd4c8e8bde07de97aed9f6b99a6e08e1e44349165c4e36be6b
6.2.0,9a791f88fe49d8235c3662d1229758a9ab5ae09745b4d3de43b0e552077b3f20
6.1.3,67b1bc2a9f4abe34ad99783a0ce4d31554abe98d61fa04c85202b5ddfad768f3
6.1.2,5b5b31f01776d060867697e074c74743761c41a07f0d1dca6618a81e2d4ebe5e
6.1.1,a7df04e64b7ae7f183953cf6cee4a19734f1002b7541c7ff2f6a8e4f64bb60aa
6.1.0,f5cbfc5af009a8838c725edc6d6f69a211de0e36b3944e683d8f33d736f60417
6.0.4,0d6950b950ca577e1988f41a291ce1d35aff0038c90339a066df1382b6264051
6.0.3,0681900a6ae444867901de47df70e68d360455d6ce5c3a7cd36d8e437b57b1b0
6.0.2,4f1cb8c095a9032667c9db9c1ecce441e96fb330937237a485cf4ab06973a1b4
6.0.1,ae9664386fc83c254319716a53a6e1020ee61f52b0ba5c250d180da6149286ec
6.0.0,d04d08f378cc89a82b286d91e49ecc6536ea6e3584beb65c7fd935e54d079ca5
5.15.2,fe80d6df6a4f72a0139df7c9b598d49fd57f30a0a95e067c9a49efda80b2c186
5.15.1,e4784cd08da7f9b26339ca7da839300ab7da185c9f6470067bff3daad26dad16
5.15.0,37325ef706735827686154faf2be5df8d4ef9bff93b201269af53ae755d18174
5.14.2,efd4c0c5ae076892358ec0fdf27144c69eaf08703150efc59af690e8e2dec58a