6.4.1,e9f5a3b6fdc0cb1763d9e8c3a8d3adb0dfa89798e9375086987a325317623222
6.4.0,00b8fa8225c721fb77891e4aabb3b5683db120f50b7b391f06345520a556bbb8
6.3.2,5171df03d391916aea50350383a4824a96b2458c76bbc94340ea12693d9de1a8
6.3.1,374d5e048205c1b1b5c8efe719f7a1557b9d9c4135ea64e61b96833a68485b0f
6.3.0,51144bcb564c8e2ee357ce855e1e2479f37e1253a6ebba895c2775d49ef14cef
6.2.4,47ba2629eba23c8024b0029867fde28e0eefd8b50c31ee75dc81baa9e90c3d24
6.2.3,7c3fcdeb39ba846b2f22214df27ec7367f9ade42ee4585176be478f3d42e657f
6.2.2,58920d07a124e92aba1079a8579f64ffeb5a192cad2acc570aca41cf400c6436
6.2.1,cc6edf1647c6d71e77578402044b9d9ae4bc17be1182732dccbc1681ee0a4feb
6.2.0,55d122a72795a04036b084a596db98d69ee8d30ea1f38f68e90da1696fac82a3
6.1.3,83db2f8489d8cf572eccd5f2c281bba76220f163a4b9c44c6706eb36cb621a6e
6.1.2,05b2268b82600eb4b8e687d4213d7c0341c61b4c278dda2869bdedfd7d3865c2
6.1.1,1f200e27321333a23eea87a57cf55c1c26fc3c66071a904377aa94a2d43509a5
6.1.0,0b8dab2f4f34fb88a6b2f151268b19eb892ebe82a482294d34c4359af876e04c
6.0.4,a12172dda4007914cfb59e7e33c1bf2e5330e038b2f872c4f7ddad200131ebb1
6.0.3,20c95727bc52b87d8b484f1585673fc0112aac6a6f993952c9989761e1790bfa
6.0.2,48e89be7423a4825bbede601b2ebec0f56d4f6205c6468c0fb6fe046c23f6b2b
6.0.1,bd701cd87adda60761a69e827af463b73229ad9a0ed7f8c36fafb1e8c86042b0
6.0.0,440c8c21f7916a6d97936cc4f037e61edc208383497d59c7dd796a836edf0568
5.15.2,3a71cd38ac2201895c51f367d2cb54d9563886b097e708fdc0dca8761e17669e
5.15.1,a9a690a2d4bced409c11b58296cbdf36cfd03edf20e790cb290cbd0546d8d3cc
5.15.0,3cf36c69de4e9b5844d1b20d403750b7283c01e47bee983f795eb620aaeb2006
5.14.2,0b3e56ef3044df6c44b45ff9c8068d254bfa19f90618b42fd0825c9fe49ffcea