6.4.1,cf73d665dfb2eb6301b1fb57c1066eabfbfa52bb1055dd3648389d56c6ff0981
6.4.0,44f40c43b79c855c4ab85beccbe6cd87b16afefe003c2db97c671b568887b40d
6.3.2,92b743783cab136112647aebab58f289696fbefae1b76d5bfce99922b3b050c9
6.3.1,1727f2db04599e10649260b9a942147b036e331b140746dd0ae2c14d19479fb7
6.2.4,ba183008d504244aaba50b9c42c07e67b7468a4fc90693dd7a5c5ab9fe93875f
6.2.3,279e609a17de259dc866331a1a091ce557608d57478758ba061be56439e7ae23
6.2.2,5f55ff54331e64937c456c6dc5c00c3bb812c63e44507a9b2193f5085e267d1c
6.2.1,96475007b7c1e61e8d41099ba7389eb1b42b2d64608adb651413d576585ab5a6
6.2.0,3db87c5af997830e3c1b8b3f5b7f6b484588e5bf41d94635b835ad2ebbb0b129
6.1.0,355044d16ed3c7f06db2f4b441f19b7dbe9fb1aca96c00713ad0abc8c211cd9f
6.1.1,0c64ce13af71f0cf23f8b4eab974de656a28070172177b5ad44c97bf5aa17cca
6.1.2,cf96a35d956bcdf930c62857e17bbe3cb701d94111ac0227ec385dc874979297
6.1.3,2a933c9e4de71d64a8df911e55bc8229cc3037055c561063103f16490bf69493
6.0.4,4dae862fdd5c3d33ca4248fc4cabb36ae988bf293923376ff498fdb4a1c6d947
6.0.3,cea96110add871c04ea3cebea74aa4495c097c372fc768b7bba1063d50b8a679
6.0.2,c6fd116f6c65c51b99e4df87b110b452ddcbcbfd006b6610fbf43748f3b950be
6.0.1,f00b48b7fa72177d24b2435301d4a2bd2be249493c33f7ce0ea989d233a545d6
6.0.0,96eed3612d677d50d7e8f9c43e819aefa368561458aa611086e054786966fd17