6.4.0,3ebb3f0a38fb0b10b3aa31be4946b19d8bf9d52ca25dce6708022ea637376112
6.4.1,033a017ae192dc2d40913eeb7e0cd0c65a0ea169117c59255743a5ea0f593522
6.3.2,5cd084fea24f2c69a59fe1d205153bd39a16adfb26f11114987d488efc763b4c
6.3.1,9eccb57e18113b5a5557b8d35faec381c95644b04f760c30ad5f180b756cf4d0
6.3.0,309349f005da76ec0d26900abc3a4331e7378569b43df1bd21edfd32f2460d79
6.2.4,c0a936a6884e51262e434050948654c0cc31517201c3601cd6cf905d88f360c2
6.2.3,706d1f7aa537b217df806103281d4bd8944c902ec02eaeca1c004bf11bbf8372
6.2.2,897ad1af5289f7b76b5e4c3565e68bf0ef66c8b4cc7f3f871b6ab1c38130e62c
6.2.1,e11a29b9aee9149dc8af832f601e7e57991c0dbbf6a94fb986500dafbbc688dd
6.2.0,64bff0169c6f81fc7ba8544c4c5b3d3aaca5a0effb7a7da045fdf1a494ed0abb
6.1.3,3e4bd8bc096e5c27c03e032c8b74339144ce9df1e4181ed59889693a2ffd80c0
6.1.2,e5203f73e8f78cd4b0f1d7d21f13f94908f694af5583027a1d76dde7820c3eb7
6.1.1,ce30c62f88fcec34a21963ae46c695136d2cd6740b28ed04f2faf05c992bc4d1
6.1.0,682c4588f34573125019dc50f42ebd5f36c166e0c95cb31c73c4f0f15c3fbdb1
6.0.4,7d51e6618aa632cf2b12fdd81fcd82c2c129d958cdde6f115c96338791c54e40
6.0.3,57ae45e4510ea60a60c57e00a75d04b9a2b1a7b4dd9c784734d2bb06a5047684
6.0.2,df471a0b24c9e7bf8ba1445932c39fd3e30ec454dfb4d2e00925e393efab4ccc
6.0.1,26f9b99123d8eeeaab2f8f63528ba18b4edc1d17a3c8acfff60089c2ef555527
6.0.0,0d8e2100c61ce1348a7c3690604bc657df0b330fd8df1caca5ff40722a00a82e
5.15.2,bc31e4fcc5b1129ad7fad780d1593716c8bacc35b8889a280901bddc4ac786e8
5.15.1,b8c1558a965598ab26102488e97302a08953e4c143aa07bf03d50a0049141f85
5.15.0,3e64a3035aff05ab8cb8a1a7e4a69462c369dd826deeadc30f18ea3a892fc851
5.14.2,b0d988a62a54a1cda0d575ff3d7acaea7090063f19bc4a5990ee79bcdcde38f4