2022.2.5f1,31.01.2023
2022.2.4f1,27.01.2023
2021.3.17f1,24.01.2023
2022.2.3f1,23.01.2023
2020.3.44f1,18.01.2023
2022.2.2f1,10.01.2023
2021.3.16f1,15.12.2022
2020.3.43f1,15.12.2022
2022.2.1f1,12.12.2022
2022.2.0f1,07.12.2022
2022.1.24f1,06.12.2022
2021.3.15f1,01.12.2022
2021.3.14f1,17.11.2022
2020.3.42f1,17.11.2022
2022.1.23f1,16.11.2022
2022.1.22f1,09.11.2022
2021.3.13f1,04.11.2022
2022.1.21f1,27.10.2022
2021.3.12f1,25.10.2022
2020.3.41f1,21.10.2022
2022.1.20f1,12.10.2022
2022.1.19f1,05.10.2022
2022.1.18f1,29.09.2022
2021.3.11f1,29.09.2022
2020.3.40f1,27.09.2022
2022.1.17f1,21.09.2022
2021.3.10f1,16.09.2022
2020.3.39f1,14.09.2022
2022.1.16f1,08.09.2022
2022.1.15f1,01.09.2022
2021.3.9f1,01.09.2022
2022.1.14f1,22.08.2022
2020.3.38f1,17.08.2022
2022.1.13f1,11.08.2022
2021.3.8f1,08.08.2022
2022.1.12f1,05.08.2022
2021.3.7f1,28.07.2022
2022.1.11f1,27.07.2022
2020.3.37f1,21.07.2022
2022.1.10f1,20.07.2022
2019.4.40f1,16.07.2022
2022.1.9f1,14.07.2022
2021.3.6f1,08.07.2022
2022.1.8f1,07.07.2022
2022.1.7f1,29.06.2022
2022.1.6f1,23.06.2022
2021.3.5f1,22.06.2022
2020.3.36f1,16.06.2022
2022.1.5f1,15.06.2022
2022.1.4f1,08.06.2022
2022.1.3f1,31.05.2022
2021.3.4f1,31.05.2022
2020.3.35f1,26.05.2022
2022.1.2f1,25.05.2022
2021.3.3f1,19.05.2022
2022.1.1f1,18.05.2022
2019.4.39f1,11.05.2022
2022.1.0f1,09.05.2022
2021.3.2f1,05.05.2022
2020.3.34f1,04.05.2022
2021.3.1f1,21.04.2022
2019.4.38f1,13.04.2022
2021.3.0f1,11.04.2022
2020.3.33f1,07.04.2022
2021.2.19f1,05.04.2022
2021.2.18f1,01.04.2022
2021.2.17f1,24.03.2022
2020.3.32f1,23.03.2022
2019.4.37f1,22.03.2022
2021.2.16f1,17.03.2022
2020.3.31f1,17.03.2022
2021.2.15f1,11.03.2022
2021.2.14f1,03.03.2022
2020.3.30f1,24.02.2022
2021.2.13f1,23.02.2022
2021.2.12f1,17.02.2022
2020.3.29f1,17.02.2022
2019.4.36f1,17.02.2022
2021.2.11f1,10.02.2022
2020.3.28f1,09.02.2022
2021.2.10f1,01.02.2022
2020.3.27f1,31.01.2022
2019.4.35f1,28.01.2022
2021.2.9f1,27.01.2022
2021.2.8f1,13.01.2022
2020.3.26f1,13.01.2022
2021.2.7f1,16.12.2021
2020.3.25f1,16.12.2021
2019.4.34f1,15.12.2021
2021.2.6f1,10.12.2021
2020.3.24f1,02.12.2021
2021.2.5f1,01.12.2021
2021.2.4f1,25.11.2021
2019.4.33f1,25.11.2021
2020.3.23f1,19.11.2021
2021.2.3f1,18.11.2021
2021.2.2f1,11.11.2021
2020.3.22f1,05.11.2021
2021.2.1f1,04.11.2021
2021.1.28f1,04.11.2021
2019.4.32f1,28.10.2021
2021.2.0f1,25.10.2021
2021.1.27f1,25.10.2021
2020.3.21f1,21.10.2021
2021.1.26f1,20.10.2021
2021.1.25f1,14.10.2021
2020.3.20f1,08.10.2021
2021.1.24f1,06.10.2021
2021.1.23f1,30.09.2021
2019.4.31f1,30.09.2021
2019.4.30f1,03.09.2021
2020.3.19f1,22.09.2021
2021.1.22f1,21.09.2021
2021.1.21f1,14.09.2021
2020.3.18f1,09.09.2021
2021.1.20f1,08.09.2021
2021.1.19f1,01.09.2021
2021.1.18f1,25.08.2021
2020.3.17f1,25.08.2021
2021.1.17f1,13.08.2021
2020.3.16f1,12.08.2021
2021.1.16f1,02.08.2021
2020.3.15f1,30.07.2021
2019.4.29f1,30.07.2021
2021.1.15f1,14.07.2021
2020.3.14f1,13.07.2021
2021.1.14f1,07.07.2021
2021.1.13f1,30.06.2021
2020.3.13f1,30.06.2021
2021.1.12f1,17.06.2021
2018.4.36f1,17.06.2021
2020.3.12f1,15.06.2021
2021.1.11f1,10.06.2021
2021.1.10f1,03.06.2021
2019.4.28f1,03.06.2021
2020.3.11f1,01.06.2021
2021.1.9f1,28.05.2021
2020.3.10f1,26.05.2021
2019.4.27f1,20.05.2021
2020.3.9f1,19.05.2021
2021.1.7f1,13.05.2021
2020.3.8f1,12.05.2021
2018.4.35f1,12.05.2021
2021.1.6f1,06.05.2021
2020.3.7f1,05.05.2021
2019.4.26f1,05.05.2021
2021.1.5f1,28.04.2021
2020.3.6f1,28.04.2021
2021.1.4f1,22.04.2021
2019.4.25f1,22.04.2021
2020.3.5f1,21.04.2021
2018.4.34f1,15.04.2021
2021.1.3f1,13.04.2021
2020.3.4f1,13.04.2021
2019.4.24f1,08.04.2021
2021.1.2f1,07.04.2021
2020.3.3f1,07.04.2021
2021.1.1f1,31.03.2021
2020.3.2f1,29.03.2021
2019.4.23f1,24.03.2021
2018.4.33f1,24.03.2021
2021.1.0f1,22.03.2021
2020.3.1f1,22.03.2021
2020.3.0f1,10.03.2021
2019.4.22f1,10.03.2021
2020.2.7f1,04.03.2021
2020.2.6f1,24.02.2021
2019.4.21f1,24.02.2021
2020.2.5f1,18.02.2021
2018.4.32f1,18.02.2021
2020.2.4f1,12.02.2021
2019.4.20f1,10.02.2021
2020.2.3f1,03.02.2021
2019.4.19f1,01.02.2021
2018.4.31f1,22.01.2021
2020.2.2f1,21.01.2021
2019.4.18f1,13.01.2021
2020.2.1f1,23.12.2020
2019.4.17f1,22.12.2020
2020.2.0f1,14.12.2020
2020.1.17f1,09.12.2020
2019.4.16f1,02.12.2020
2020.1.16f1,01.12.2020
2018.4.30f1,01.12.2020
2020.1.15f1,25.11.2020
2020.1.14f1,18.11.2020
2019.4.15f1,18.11.2020
2020.1.13f1,11.11.2020
2018.4.29f1,11.11.2020
2019.4.14f1,05.11.2020
2020.1.12f1,04.11.2020
2020.1.11f1,28.10.2020
2020.1.10f1,21.10.2020
2019.4.13f1,21.10.2020
2020.1.9f1,13.10.2020
2019.4.12f1,07.10.2020
2020.1.8f1,06.10.2020
2018.4.28f1,06.10.2020
2020.1.7f1,30.09.2020
2019.4.11f1,23.09.2020
2020.1.6f1,16.09.2020
2020.1.5f1,10.09.2020
2019.4.10f1,10.09.2020
2018.4.27f1,09.09.2020
2020.1.4f1,27.08.2020
2019.4.9f1,26.08.2020
2020.1.3f1,21.08.2020
2020.1.2f1,12.08.2020
2019.4.8f1,12.08.2020
2018.4.26f1,12.08.2020
2020.1.1f1,05.08.2020
2019.4.7f1,05.08.2020
2019.4.6f1,30.07.2020
2019.4.5f1,23.07.2020
2020.1.0f1,20.07.2020
2019.4.4f1,15.07.2020
2018.4.25f1,14.07.2020
2019.4.3f1,08.07.2020
2018.4.24f1,02.07.2020
2019.4.2f1,01.07.2020
2019.4.1f1,18.06.2020
2019.4.0f1,07.06.2020
2019.3.15f1,28.05.2020
2019.3.14f1,18.05.2020
2018.4.23f1,18.05.2020
2017.4.40f1,18.05.2020
2019.3.13f1,06.05.2020
2019.3.12f1,29.04.2020
2018.4.22f1,24.04.2020
2019.3.11f1,23.04.2020
2019.3.10f1,16.04.2020
2018.4.21f1,09.04.2020
2019.3.9f1,08.04.2020
2019.3.8f1,06.04.2020
2017.4.39f1,03.04.2020
2019.3.7f1,26.03.2020
2018.4.20f1,26.03.2020
2017.4.38f1,20.03.2020
2019.3.6f1,19.03.2020
2018.4.19f1,13.03.2020
2019.3.5f1,12.03.2020
2019.3.4f1,06.03.2020
2018.4.18f1,27.02.2020
2019.3.3f1,26.02.2020
2019.3.2f1,19.02.2020
2017.4.37f1,18.02.2020
2019.3.1f1,12.02.2020
2018.4.17f1,11.02.2020
2019.2.21f1,07.02.2020
2019.2.20f1,31.01.2020
2019.3.0f6,27.01.2020
2018.4.16f1,27.01.2020
2019.2.19f1,22.01.2020
2019.2.18f1,15.01.2020
2019.3.0f5,13.01.2020
2018.4.15f1,09.01.2020
2017.4.36f1,09.01.2020
2019.2.17f1,18.12.2019
2019.2.16f1,13.12.2019
2019.3.0f3,11.12.2019
2018.4.14f1,10.12.2019
2017.4.35f1,06.12.2019
2019.2.15f1,04.12.2019
2019.3.0f1,27.11.2019
2019.2.14f1,27.11.2019
2018.4.13f1,21.11.2019
2019.2.13f1,20.11.2019
2019.2.12f1,11.11.2019
2019.2.11f1,01.11.2019
2017.4.34f1,30.10.2019
2018.4.12f1,28.10.2019
2019.2.9f1,11.10.2019
2018.4.11f1,10.10.2019
2017.4.33f1,07.10.2019
2018.4.10f1,01.10.2019
2019.2.10f1,23.10.2019
2019.2.8f1,03.10.2019
2019.2.7f1,30.09.2019
2019.2.6f1,17.09.2019
2018.4.9f1,13.09.2019
2019.2.5f1,12.09.2019
2019.2.4f1,05.09.2019
2017.4.32f1,05.09.2019
2018.4.8f1,30.08.2019
2019.2.3f1,28.08.2019
2019.2.2f1,21.08.2019
2018.4.7f1,19.08.2019
2019.2.1f1,14.08.2019
2019.1.14f1,08.08.2019
2018.4.6f1,08.08.2019
2017.4.31f1,02.08.2019
2019.1.13f1,01.08.2019
2019.2.0f1,29.07.2019
2019.1.12f1,26.07.2019
2018.4.5f1,26.07.2019
2019.1.11f1,18.07.2019
2019.1.10f1,12.07.2019
2018.4.4f1,12.07.2019
2019.1.9f1,05.07.2019
2017.4.30f1,05.07.2019
2018.4.3f1,28.06.2019
2019.1.8f1,22.06.2019
2019.1.7f1,14.06.2019
2019.1.6f1,08.06.2019
2018.4.2f1,08.06.2019
2017.4.29f1,08.06.2019
2019.1.5f1,03.06.2019
2017.4.28f1,30.05.2019
2018.4.1f1,28.05.2019
2019.1.4f1,24.05.2019
2019.1.3f1,16.05.2019
2019.1.2f1,10.05.2019
2018.4.0f1,10.05.2019
2017.4.27f1,10.05.2019
2019.1.1f1,03.05.2019
2018.3.14f1,26.04.2019
2017.4.26f1,23.04.2019
2018.3.13f1,18.04.2019
2019.1.0f2,15.04.2019
2019.1.0f1,08.04.2019
2018.3.12f1,08.04.2019
2017.4.25f1,08.04.2019
2018.3.11f1,29.03.2019
2018.3.10f1,25.03.2019
2017.4.24f1,22.03.2019
2018.3.9f1,18.03.2019
2018.3.8f1,08.03.2019
2017.4.23f1,08.03.2019
2018.3.7f1,28.02.2019
2018.2.21f1,28.02.2019
2017.4.22f1,28.02.2019
5.6.7f1,28.02.2019
2017.4.21f1,21.02.2019
2018.3.6f1,15.02.2019
2017.4.20f1,11.02.2019
2018.3.5f1,08.02.2019
2018.3.4f1,01.02.2019
2017.4.19f1,28.01.2019
2018.3.3f1,25.01.2019
2018.3.2f1,17.01.2019
2018.3.1f1,10.01.2019
2017.4.18f1,10.01.2019
2018.2.20f1,14.12.2018
2018.3.0f2,12.12.2018
2018.3.0f1,11.12.2018
2018.2.19f1,07.12.2018
2017.4.17f1,07.12.2018
2017.2.5f1,07.12.2018
2018.2.18f1,30.11.2018
2017.4.16f1,23.11.2018
2018.2.17f1,21.11.2018
2018.2.16f1,15.11.2018
2017.4.15f1,12.11.2018
2018.2.15f1,09.11.2018
2018.2.14f1,26.10.2018
2017.4.14f1,26.10.2018
2018.2.13f1,18.10.2018
5.5.5f1,03.10.2018
2018.2.12f1,12.10.2018
2017.4.13f1,12.10.2018
2018.2.11f1,04.10.2018
2017.2.4f1,03.10.2018
2017.4.12f1,27.09.2018
2018.2.10f1,26.09.2018
2018.2.9f1,21.09.2018
2018.2.8f1,14.09.2018
2017.4.11f1,13.09.2018
2018.2.7f1,06.09.2018
2018.2.6f1,30.08.2018
2018.1.9f1,29.08.2018
2017.4.10f1,24.08.2018
2018.2.5f1,22.08.2018
2018.2.4f1,17.08.2018
2018.2.3f1,10.08.2018
2017.4.9f1,10.08.2018
2018.2.2f1,03.08.2018
2018.2.1f1,26.07.2018
2017.4.8f1,26.07.2018
2017.1.5f1,23.07.2018
2018.1.8f1,13.07.2018
2017.4.7f1,13.07.2018
2018.2.0f2,09.07.2018
2018.2.0f1,06.07.2018
2018.1.7f1,05.07.2018
2017.4.6f1,22.06.2018
2018.1.6f1,21.06.2018
2018.1.5f1,15.06.2018
2018.1.4f1,11.06.2018
2017.4.5f1,07.06.2018
2018.1.3f1,04.06.2018
2018.1.2f1,25.05.2018
2017.1.4f1,23.05.2018
2017.4.4f1,23.05.2018
2018.1.1f1,18.05.2018
2017.2.3f1,18.05.2018
2017.4.3f1,11.05.2018
5.6.6f1,08.05.2018
2018.1.0f2,02.05.2018
2017.4.2f1,30.04.2018
2018.1.0f1,26.04.2018
2017.4.1f1,12.04.2018
2017.4.0f1,19.03.2018
2017.2.2f1,26.02.2018
2017.3.1f1,05.02.2018
5.5.6f1,12.01.2018
2017.1.3f1,04.01.2018
5.6.5f1,21.12.2017
2017.3.0f3,18.12.2017
2017.3.0f2,08.12.2017
2017.3.0f1,01.12.2017
2017.2.1f1,11.12.2017
5.6.4f1,15.10.2017
2017.2.0f3,11.10.2017
2017.1.2f1,06.10.2017
2017.2.0f2,02.10.2017
2017.2.0f1,22.09.2017
5.4.6f1,20.09.2017
2017.1.1f1,04.09.2017
5.6.3f1,01.08.2017
2017.1.0f3,10.07.2017
2017.1.0f2,05.07.2017
2017.1.0f1,26.06.2017
5.6.2f1,21.06.2017
5.3.8f1,13.06.2017
5.5.4f1,06.06.2017
5.6.1f1,11.05.2017
5.6.0f3,31.03.2017
5.5.3f1,31.03.2017
5.6.0f2,27.03.2017
5.6.0f1,17.03.2017
5.4.5f1,10.03.2017
5.5.2f1,24.02.2017
5.5.1f1,24.01.2017
5.4.4f1,05.01.2017
5.5.0f3,30.11.2016
5.5.0f2,25.11.2016
5.5.0f1,22.11.2016
5.4.3f1,17.11.2016
5.3.7f1,08.11.2016
5.4.2f1,21.10.2016
5.4.1f1,07.09.2016
5.4.0f3,27.07.2016
5.4.0f2,21.07.2016
5.4.0f1,14.07.2016
5.3.6f1,20.07.2016
5.1.5f1,06.06.2016
5.2.5f1,01.06.2016
5.3.5f1,19.05.2016
5.3.4f1,15.03.2016
5.3.3f1,23.02.2016
5.3.2f1,27.01.2016
5.3.1f1,18.12.2015
5.2.4f1,15.12.2015
5.3.0f3,07.12.2015
5.3.0f2,23.11.2015
5.3.0f1,14.11.2015
5.2.3f1,19.11.2015
5.2.2f1,21.10.2015
5.1.4f1,06.10.2015
5.2.1f1,22.09.2015
5.2.0f3,03.09.2015
5.1.3f1,24.08.2015
5.2.0f2,21.08.2015
5.2.0f1,16.08.2015
5.1.2f1,16.07.2015
5.0.4f1,06.07.2015
5.1.1f1,18.06.2015
5.0.3f1,09.06.2015
5.1.0f3,03.06.2015
5.1.0f2,21.05.2015
5.1.0f1,15.05.2015
5.0.2f1,13.05.2015
5.0.1f1,31.03.2015
5.0.0f4,25.02.2015